{"cameraMode":{"drawMode":0,"name":"Shaded","section":"Shading Mode"},"sceneLighting":false,"audioPlay":false,"sceneViewState":{"m_AlwaysRefresh":false,"showFog":false,"showSkybox":false,"showFlares":false,"showImageEffects":false,"showParticleSystems":false,"showVisualEffectGraphs":true,"m_FxEnabled":false},"in2DMode":false,"pivot":{"x":0.001260995864868164,"y":4.2777886390686039,"z":0.0013707876205444337},"rotation":{"x":0.14315727353096009,"y":-0.7602661848068237,"z":0.17906054854393006,"w":0.6078183650970459},"size":4.882451057434082,"orthographic":false}