{"cameraMode":{"drawMode":0,"name":"Shaded","section":"Shading Mode"},"sceneLighting":false,"audioPlay":false,"sceneViewState":{"m_AlwaysRefresh":false,"showFog":false,"showSkybox":false,"showFlares":false,"showImageEffects":false,"showParticleSystems":false,"showVisualEffectGraphs":true,"m_FxEnabled":false},"in2DMode":false,"pivot":{"x":1.2517774105072022,"y":0.6199476718902588,"z":-0.04905569553375244},"rotation":{"x":-0.22778329253196717,"y":0.009036451578140259,"z":-0.002113609341904521,"w":-0.9736742377281189},"size":1.5180583000183106,"orthographic":false}