{"cameraMode":{"drawMode":0,"name":"Shaded","section":"Shading Mode"},"sceneLighting":false,"audioPlay":false,"sceneViewState":{"m_AlwaysRefresh":false,"showFog":false,"showSkybox":false,"showFlares":false,"showImageEffects":false,"showParticleSystems":false,"showVisualEffectGraphs":true,"m_FxEnabled":false},"in2DMode":false,"pivot":{"x":0.11002740263938904,"y":1.0767722129821778,"z":0.46010637283325198},"rotation":{"x":-0.04678671807050705,"y":0.015263338573276997,"z":-0.0007147860596887767,"w":-0.9987933039665222},"size":1.520691156387329,"orthographic":false}