{"cameraMode":{"drawMode":0,"name":"Shaded","section":"Shading Mode"},"sceneLighting":false,"audioPlay":false,"sceneViewState":{"m_AlwaysRefresh":false,"showFog":false,"showSkybox":false,"showFlares":false,"showImageEffects":false,"showParticleSystems":false,"showVisualEffectGraphs":true,"m_FxEnabled":false},"in2DMode":false,"pivot":{"x":0.015509754419326783,"y":0.3438514471054077,"z":0.03686276078224182},"rotation":{"x":0.14315727353096009,"y":-0.7602661848068237,"z":0.17906054854393006,"w":0.6078183650970459},"size":0.4226268529891968,"orthographic":false}