{"cameraMode":{"drawMode":0,"name":"Shaded","section":"Shading Mode"},"sceneLighting":false,"audioPlay":false,"sceneViewState":{"m_AlwaysRefresh":false,"showFog":false,"showSkybox":false,"showFlares":false,"showImageEffects":false,"showParticleSystems":false,"showVisualEffectGraphs":true,"m_FxEnabled":true},"in2DMode":false,"pivot":{"x":-20.15765380859375,"y":1.2520031929016114,"z":42.33344268798828},"rotation":{"x":0.02756519988179207,"y":-0.20949618518352509,"z":0.0059160576201975349,"w":0.9773990511894226},"size":35.12068176269531,"orthographic":false}